platform,source_url,product_id,handle,url,title,brand,product_type,tags,variant_id,variant_title,sku,price,compare_at_price,currency,options,available,image
woocommerce,https://containersolutionscs.de,3725,mitsubishi-heavy-klimaanlage-srk-zs-wf-wandgeraet-set-mehrfarbig,https://containersolutionscs.de/produkt/mitsubishi-heavy-klimaanlage-srk-zs-wf-wandgeraet-set-mehrfarbig/,Mitsubishi Heavy Klimaanlage SRK-ZS-WF Wandgerät Set mehrfarbig,,Klimaanlage,,3725,Mitsubishi Heavy Klimaanlage SRK-ZS-WF Wandgerät Set mehrfarbig,CL3ST26118,1850.00,1850.00,EUR,,True,https://containersolutionscs.de/wp-content/uploads/2026/07/klimaanlage-mitsubishi-heavy-srk-zs-wf-wandgeraet-set.webp
woocommerce,https://containersolutionscs.de,3715,mitsubishi-heavy-klimaanlage-srk-zsx-wf-wandgeraet-multisplit-set-mit-3-innengeraeten-mehrfarbig,https://containersolutionscs.de/produkt/mitsubishi-heavy-klimaanlage-srk-zsx-wf-wandgeraet-multisplit-set-mit-3-innengeraeten-mehrfarbig/,Mitsubishi Heavy Klimaanlage SRK-ZSX-WF Wandgerät Multisplit Set mit 3 Innengeräten mehrfarbig,,Klimaanlage,,3715,Mitsubishi Heavy Klimaanlage SRK-ZSX-WF Wandgerät Multisplit Set mit 3 Innengeräten mehrfarbig,CL3ST26117,2000.00,2000.00,EUR,,True,https://containersolutionscs.de/wp-content/uploads/2026/07/klimaanlage-mitsubishi-heavy-srk-zsx-wf-triplesplit-wandgeraet-set.webp
woocommerce,https://containersolutionscs.de,3705,mitsubishi-heavy-klimaanlage-srk-zs-wf-wandgeraet-multisplit-set-mit-3-innengeraeten-mehrfarbig,https://containersolutionscs.de/produkt/mitsubishi-heavy-klimaanlage-srk-zs-wf-wandgeraet-multisplit-set-mit-3-innengeraeten-mehrfarbig/,Mitsubishi Heavy Klimaanlage SRK-ZS-WF Wandgerät Multisplit Set mit 3 Innengeräten mehrfarbig,,Klimaanlage,,3705,Mitsubishi Heavy Klimaanlage SRK-ZS-WF Wandgerät Multisplit Set mit 3 Innengeräten mehrfarbig,CL3ST26116,2850.00,2850.00,EUR,,True,https://containersolutionscs.de/wp-content/uploads/2026/07/klimaanlage-mitsubishi-heavy-srk-zs-wf-triplesplit-wandgeraet-set-1.webp
woocommerce,https://containersolutionscs.de,3695,mitsubishi-heavy-klimaanlage-srk-zs-wf-wandgeraet-multisplit-set-mit-2-innengeraeten-mehrfarbig,https://containersolutionscs.de/produkt/mitsubishi-heavy-klimaanlage-srk-zs-wf-wandgeraet-multisplit-set-mit-2-innengeraeten-mehrfarbig/,Mitsubishi Heavy Klimaanlage SRK-ZS-WF Wandgerät Multisplit Set mit 2 Innengeräten mehrfarbig,,Klimaanlage,,3695,Mitsubishi Heavy Klimaanlage SRK-ZS-WF Wandgerät Multisplit Set mit 2 Innengeräten mehrfarbig,CL3ST26115,1850.00,1850.00,EUR,,True,https://containersolutionscs.de/wp-content/uploads/2026/07/klimaanlage-mitsubishi-heavy-srk-zs-wf-multisplit-wandgeraet-set-1.webp
woocommerce,https://containersolutionscs.de,3688,mitsubishi-heavy-klimaanlage-srk-zsx-wf-wandgeraet-multisplit-set-mit-2-innengeraeten-2-x-35-kw-titan,https://containersolutionscs.de/produkt/mitsubishi-heavy-klimaanlage-srk-zsx-wf-wandgeraet-multisplit-set-mit-2-innengeraeten-2-x-35-kw-titan/,"Mitsubishi Heavy Klimaanlage SRK-ZSX-WF Wandgerät Multisplit Set mit 2 Innengeräten 2 x 3,5 kW Titan",,Klimaanlage,,3688,"Mitsubishi Heavy Klimaanlage SRK-ZSX-WF Wandgerät Multisplit Set mit 2 Innengeräten 2 x 3,5 kW Titan",CL3ST26114,3000.00,3000.00,EUR,,True,https://containersolutionscs.de/wp-content/uploads/2026/07/klimaanlage-mitsubishi-heavy-srk-zsx-wf-multisplit-wandgeraet-set-2x35kw-titan.webp
woocommerce,https://containersolutionscs.de,3673,mitsubishi-heavy-set-tower-77-kw-ecd91-fdc71vnx-r410a-klimaanlage,https://containersolutionscs.de/produkt/mitsubishi-heavy-set-tower-77-kw-ecd91-fdc71vnx-r410a-klimaanlage/,"Mitsubishi Heavy Set Tower 7,7 kW – ECD91 + FDC71VNX – R410A Klimaanlage",,Klimaanlage,,3673,"Mitsubishi Heavy Set Tower 7,7 kW – ECD91 + FDC71VNX – R410A Klimaanlage",CL3ST26113,7500.00,7500.00,EUR,,True,https://containersolutionscs.de/wp-content/uploads/2026/07/DSC03662TlsmhlwljoMkL.jpg
woocommerce,https://containersolutionscs.de,3670,mitsubishi-electric-12000-btu-klimaanlage-inverter-r-32-wlan-optional-mfz-kt35,https://containersolutionscs.de/produkt/mitsubishi-electric-12000-btu-klimaanlage-inverter-r-32-wlan-optional-mfz-kt35/,Mitsubishi Electric 12000 BTU Klimaanlage Inverter R-32 WLAN optional | MFZ-KT35,,Klimaanlage,,3670,Mitsubishi Electric 12000 BTU Klimaanlage Inverter R-32 WLAN optional | MFZ-KT35,CL3ST26112,1350.00,1350.00,EUR,,True,https://containersolutionscs.de/wp-content/uploads/2026/07/WhatsApp-Image-2026-07-15-at-02.28.35.jpeg
woocommerce,https://containersolutionscs.de,3666,daikin-mono-split-21000-btu-fdxm60f9-rzag60b-klimaanlagen-6-0-kw-niedrige-praevalenz-fdxm-f9-sky-air-alpha-a-a-kanal,https://containersolutionscs.de/produkt/daikin-mono-split-21000-btu-fdxm60f9-rzag60b-klimaanlagen-6-0-kw-niedrige-praevalenz-fdxm-f9-sky-air-alpha-a-a-kanal/,Daikin Mono Split 21000 Btu FDXM60F9 RZAG60B Klimaanlagen 6.0 kW Niedrige Prävalenz FDXM-F9 Sky Air Alpha A+ A Kanal,,Klimaanlage,,3666,Daikin Mono Split 21000 Btu FDXM60F9 RZAG60B Klimaanlagen 6.0 kW Niedrige Prävalenz FDXM-F9 Sky Air Alpha A+ A Kanal,CL3ST26111,2800.00,2800.00,EUR,,True,https://containersolutionscs.de/wp-content/uploads/2026/07/daikin-mono-split-21000-btu-fdxm60f9-rzag60b-klimaanlagen-60-kw-niedrige-pravalenz-fdxm-f9-sky-air-alpha-a-a-kanal-1.webp
woocommerce,https://containersolutionscs.de,3663,daikin-mono-split-21000-btu-ffa60a9-rzag60b-klimaanlagen-6-0-kw-4-vie-ffa-a-sky-air-alpha-a-a-kassette,https://containersolutionscs.de/produkt/daikin-mono-split-21000-btu-ffa60a9-rzag60b-klimaanlagen-6-0-kw-4-vie-ffa-a-sky-air-alpha-a-a-kassette/,Daikin Mono Split 21000 Btu FFA60A9 RZAG60B Klimaanlagen 6.0 kW 4 vie FFA-A Sky Air Alpha A+ A+ Kassette,,Klimaanlage,,3663,Daikin Mono Split 21000 Btu FFA60A9 RZAG60B Klimaanlagen 6.0 kW 4 vie FFA-A Sky Air Alpha A+ A+ Kassette,CL3ST26110,3000.00,3000.00,EUR,,True,https://containersolutionscs.de/wp-content/uploads/2026/07/daikin-mono-split-21000-btu-ffa60a9-rzag60b-klimaanlagen-60-kw-4-vie-ffa-a-sky-air-alpha-a-a-kassette.webp
woocommerce,https://containersolutionscs.de,3660,daikin-mono-split-12000-btu-fha35a9-rzag35b-klimaanlagen-3-5-kw-fha-a9-sky-air-alpha-a-a-decke,https://containersolutionscs.de/produkt/daikin-mono-split-12000-btu-fha35a9-rzag35b-klimaanlagen-3-5-kw-fha-a9-sky-air-alpha-a-a-decke/,Daikin Mono Split 12000 Btu FHA35A9 RZAG35B Klimaanlagen 3.5 kW FHA-A9 Sky Air Alpha A++ A+ Decke,,Klimaanlage,,3660,Daikin Mono Split 12000 Btu FHA35A9 RZAG35B Klimaanlagen 3.5 kW FHA-A9 Sky Air Alpha A++ A+ Decke,CL3ST26109,2250.00,2250.00,EUR,,True,https://containersolutionscs.de/wp-content/uploads/2026/07/daikin-mono-split-12000-btu-fha35a9-rzag35b-klimaanlagen-35-kw-fha-a9-sky-air-alpha-a-a-decke.webp
woocommerce,https://containersolutionscs.de,3656,daikin-mono-split-24000-btu-fva71a-rzasg71mv1-klimaanlagen-7-1-kw-fva-a-sky-air-advance-a-a-spalte,https://containersolutionscs.de/produkt/daikin-mono-split-24000-btu-fva71a-rzasg71mv1-klimaanlagen-7-1-kw-fva-a-sky-air-advance-a-a-spalte/,Daikin Mono Split 24000 Btu FVA71A RZASG71MV1 Klimaanlagen 7.1 kW FVA-A Sky Air Advance A+ A+ Spalte,,Klimaanlage,,3656,Daikin Mono Split 24000 Btu FVA71A RZASG71MV1 Klimaanlagen 7.1 kW FVA-A Sky Air Advance A+ A+ Spalte,CL3ST26108,2900.00,2900.00,EUR,,True,https://containersolutionscs.de/wp-content/uploads/2026/07/daikin-mono-split-24000-btu-fva71a-rzasg71mv1-klimaanlagen-71-kw-fva-a-sky-air-advance-a-a-spalte-1.webp
woocommerce,https://containersolutionscs.de,3645,klimaanlage-ecoflow-wave-3,https://containersolutionscs.de/produkt/klimaanlage-ecoflow-wave-3/,Klimaanlage EcoFlow WAVE 3,,Klimaanlage,,3645,Klimaanlage EcoFlow WAVE 3,CL3ST26107,750.00,750.00,EUR,,True,https://containersolutionscs.de/wp-content/uploads/2026/07/15056_etr.webp
woocommerce,https://containersolutionscs.de,3638,remko-raumklimageraet-rkl-495-dc-s-line-silber-2,https://containersolutionscs.de/produkt/remko-raumklimageraet-rkl-495-dc-s-line-silber-2/,Remko Raumklimagerät RKL 495 DC S-Line – silber,,Klimaanlage,,3638,Remko Raumklimagerät RKL 495 DC S-Line – silber,CL3ST26106,2150.00,2150.00,EUR,,True,https://containersolutionscs.de/wp-content/uploads/2026/07/724-1_remko-rkl-495-1-2.webp
woocommerce,https://containersolutionscs.de,3631,remko-raumklimageraet-rkl-495-dc-weiss-2,https://containersolutionscs.de/produkt/remko-raumklimageraet-rkl-495-dc-weiss-2/,Remko Raumklimagerät RKL 495 DC – weiß,,Klimaanlage,,3631,Remko Raumklimagerät RKL 495 DC – weiß,CL3ST26105,1950.00,1950.00,EUR,,True,https://containersolutionscs.de/wp-content/uploads/2026/07/724-1_remko-rkl-495-1-1.webp
woocommerce,https://containersolutionscs.de,3613,remko-raumklimageraet-rkl-495-dc-s-line-silber,https://containersolutionscs.de/produkt/remko-raumklimageraet-rkl-495-dc-s-line-silber/,Remko Raumklimagerät RKL 495 DC S-Line – silber,,Klimaanlage,,3613,Remko Raumklimagerät RKL 495 DC S-Line – silber,CL3ST26104,2150.00,2150.00,EUR,,True,https://containersolutionscs.de/wp-content/uploads/2026/07/721-2_remko-rkl-495s-1.webp
woocommerce,https://containersolutionscs.de,3602,remko-raumklimageraet-rkl-495-dc-weiss,https://containersolutionscs.de/produkt/remko-raumklimageraet-rkl-495-dc-weiss/,Remko Raumklimagerät RKL 495 DC – weiß,,Klimaanlage,,3602,Remko Raumklimagerät RKL 495 DC – weiß,CL3ST26103,1950.00,1950.00,EUR,,True,https://containersolutionscs.de/wp-content/uploads/2026/07/724-1_remko-rkl-495-1.webp
woocommerce,https://containersolutionscs.de,3594,ecoflow-wave-3-mit-zusatzakku-tragbare-klimaanlage-und-heizung,https://containersolutionscs.de/produkt/ecoflow-wave-3-mit-zusatzakku-tragbare-klimaanlage-und-heizung/,EcoFlow WAVE 3 mit Zusatzakku – tragbare Klimaanlage und Heizung,,Klimaanlage,,3594,EcoFlow WAVE 3 mit Zusatzakku – tragbare Klimaanlage und Heizung,CL3ST26102,1250.00,1250.00,EUR,,True,https://containersolutionscs.de/wp-content/uploads/2026/07/17066_b-0-2e745.webp
woocommerce,https://containersolutionscs.de,3573,gree-soyal-single-split-klimaanlage-27-kw-9212-btu-energieklasse-a-heiz-kuehlbetrieb-kaeltemittel-r32-bis-25-m%c2%b2,https://containersolutionscs.de/produkt/gree-soyal-single-split-klimaanlage-27-kw-9212-btu-energieklasse-a-heiz-kuehlbetrieb-kaeltemittel-r32-bis-25-m%c2%b2/,"GREE Soyal Single-Split-Klimaanlage 2,7 kW (9212 BTU) | Energieklasse A+++ | Heiz- & Kühlbetrieb | Kältemittel R32 | bis 25 m²",,Klimaanlage,,3573,"GREE Soyal Single-Split-Klimaanlage 2,7 kW (9212 BTU) | Energieklasse A+++ | Heiz- & Kühlbetrieb | Kältemittel R32 | bis 25 m²",CL3ST26101,1300.00,1300.00,EUR,,True,https://containersolutionscs.de/wp-content/uploads/2026/07/GWH12AKC-K6DNA1A-GREE_Single-Split-Klimaanlage_Soyal_Kaelteleistung_3_53_kW_12044_Btu-h_GWH1-4-6452154e1af99-3-scaled.jpg
woocommerce,https://containersolutionscs.de,3563,gree-soyal-split-klimaanlage-53-kw-inverter-heizen-kuehlen-a-a-r32-bis-50-m%c2%b2,https://containersolutionscs.de/produkt/gree-soyal-split-klimaanlage-53-kw-inverter-heizen-kuehlen-a-a-r32-bis-50-m%c2%b2/,"GREE Soyal Split-Klimaanlage 5,3 kW – Inverter Heizen & Kühlen | A++/A+ | R32 | bis 50 m²",,Klimaanlage,,3563,"GREE Soyal Split-Klimaanlage 5,3 kW – Inverter Heizen & Kühlen | A++/A+ | R32 | bis 50 m²",CL3ST26100,1400.00,1400.00,EUR,,True,https://containersolutionscs.de/wp-content/uploads/2026/07/GWH12AKC-K6DNA1A-GREE_Single-Split-Klimaanlage_Soyal_Kaelteleistung_3_53_kW_12044_Btu-h_GWH1-1-6452154a3e974-1.jpg
woocommerce,https://containersolutionscs.de,3557,gree-soyal-single-split-klimaanlage-353-kw-a-kuehlen-heizen-r32-bis-35-m%c2%b2,https://containersolutionscs.de/produkt/gree-soyal-single-split-klimaanlage-353-kw-a-kuehlen-heizen-r32-bis-35-m%c2%b2/,"GREE Soyal Single-Split-Klimaanlage 3,53 kW – A+++ – Kühlen & Heizen – R32 – bis 35 m²",,Klimaanlage,,3557,"GREE Soyal Single-Split-Klimaanlage 3,53 kW – A+++ – Kühlen & Heizen – R32 – bis 35 m²",CL3ST2699,1200.00,1200.00,EUR,,True,https://containersolutionscs.de/wp-content/uploads/2026/07/GWH12AKC-K6DNA1A-GREE_Single-Split-Klimaanlage_Soyal_Kaelteleistung_3_53_kW_12044_Btu-h_GWH1-4-6452154e1af99-scaled.jpg
woocommerce,https://containersolutionscs.de,3551,gree-t-fresh-stehklimaanlage-72-kw-24-566-btu-kuehlen-heizen-energieklasse-a-r32,https://containersolutionscs.de/produkt/gree-t-fresh-stehklimaanlage-72-kw-24-566-btu-kuehlen-heizen-energieklasse-a-r32/,"GREE T-Fresh Stehklimaanlage 7,2 kW / 24.566 Btu | Kühlen & Heizen | Energieklasse A++ | R32",,Klimaanlage,,3551,"GREE T-Fresh Stehklimaanlage 7,2 kW / 24.566 Btu | Kühlen & Heizen | Energieklasse A++ | R32",CL3ST2698,1500.00,1500.00,EUR,,True,https://containersolutionscs.de/wp-content/uploads/2026/07/GVH24AMXF-K6DNC7A-GREE_Stehklimaanlage_T-Fresh_Kaelteleistung_7_2_kW_-_24566_Btu_3_0_PS_GVH24-3-6452155fe9eca-scaled.jpg
woocommerce,https://containersolutionscs.de,3543,fendt-ht353017-k-holzrueckeanhaenger,https://containersolutionscs.de/produkt/fendt-ht353017-k-holzrueckeanhaenger/,Fendt HT353017-K Holzrückeanhänger,,Anhänger,,3543,Fendt HT353017-K Holzrückeanhänger,CL3ST2697,8500.00,8500.00,EUR,,True,https://containersolutionscs.de/wp-content/uploads/2026/07/11100050_4_1920x1920-1536x1022-1.webp
woocommerce,https://containersolutionscs.de,3539,hydraulische-abdeckung-franc-bri-130,https://containersolutionscs.de/produkt/hydraulische-abdeckung-franc-bri-130/,Hydraulische Abdeckung Franc BRI 130,,Anhänger,,3539,Hydraulische Abdeckung Franc BRI 130,CL3ST2696,1050.00,1050.00,EUR,,True,https://containersolutionscs.de/wp-content/uploads/2026/07/BRI130002jpg-1.jpg
woocommerce,https://containersolutionscs.de,3519,deckelanhaenger-150x300cm-hoehe-95cm-750kg-typ-u7-seitentuer-neu,https://containersolutionscs.de/produkt/deckelanhaenger-150x300cm-hoehe-95cm-750kg-typ-u7-seitentuer-neu/,Deckelanhänger 150x300cm Höhe: 95cm 750kg | Typ U7 | Seitentür-Neu,,Anhänger,,3519,Deckelanhänger 150x300cm Höhe: 95cm 750kg | Typ U7 | Seitentür-Neu,CL3ST2695,3025.00,3025.00,EUR,,True,https://containersolutionscs.de/wp-content/uploads/2026/07/6deckel-9.webp
woocommerce,https://containersolutionscs.de,3500,deckelanhaenger-edition-35-150x300-cm-500-kg-hoehe-125-cm-typ-7-26-neu,https://containersolutionscs.de/produkt/deckelanhaenger-edition-35-150x300-cm-500-kg-hoehe-125-cm-typ-7-26-neu/,Deckelanhänger „Edition 35“ 150×300 cm 500 kg | Höhe 125 cm | Typ 7.26-Neu,,Anhänger,,3500,Deckelanhänger „Edition 35“ 150×300 cm 500 kg | Höhe 125 cm | Typ 7.26-Neu,CL3ST2694,4800.00,4800.00,EUR,,True,https://containersolutionscs.de/wp-content/uploads/2026/07/5-tam-2.webp
woocommerce,https://containersolutionscs.de,3483,pkw-anhaenger-aluminium-1300-kg-crossline-typ-4-13-125x250-cm-10-jahre-garantie,https://containersolutionscs.de/produkt/pkw-anhaenger-aluminium-1300-kg-crossline-typ-4-13-125x250-cm-10-jahre-garantie/,"PKW Anhänger Aluminium 1300 kg – CROSSLINE Typ 4.13,125×250 cm,10 Jahre Garantie",,Anhänger,,3483,"PKW Anhänger Aluminium 1300 kg – CROSSLINE Typ 4.13,125×250 cm,10 Jahre Garantie",CL3ST2693,3000.00,3000.00,EUR,,True,https://containersolutionscs.de/wp-content/uploads/2026/07/2-geb-2.webp
woocommerce,https://containersolutionscs.de,3464,anhaenger-crossline-150x300-cm-2600-kg-hoehe-60-cm-aluboden-typ-7-26-neu,https://containersolutionscs.de/produkt/anhaenger-crossline-150x300-cm-2600-kg-hoehe-60-cm-aluboden-typ-7-26-neu/,Anhänger „CROSSLINE“ 150×300 cm 2600 kg | Höhe 60 cm | Aluboden | Typ 7.26-Neu,,Anhänger,,3464,Anhänger „CROSSLINE“ 150×300 cm 2600 kg | Höhe 60 cm | Aluboden | Typ 7.26-Neu,CL3ST2692,3800.00,3800.00,EUR,,True,https://containersolutionscs.de/wp-content/uploads/2026/07/6-tam-2.webp
woocommerce,https://containersolutionscs.de,3447,anhaenger-crossline-125x250-cm-240-kg-hoehe-60-cm-aluboden-typ-4-13-neu,https://containersolutionscs.de/produkt/anhaenger-crossline-125x250-cm-240-kg-hoehe-60-cm-aluboden-typ-4-13-neu/,Anhänger „CROSSLINE“ 125×250 cm 240 kg | Höhe 60 cm | Aluboden | Typ 4.13-Neu,,Anhänger,,3447,Anhänger „CROSSLINE“ 125×250 cm 240 kg | Höhe 60 cm | Aluboden | Typ 4.13-Neu,CL3ST2691,3000.00,3000.00,EUR,,True,https://containersolutionscs.de/wp-content/uploads/2026/07/17-ged-2.webp
woocommerce,https://containersolutionscs.de,3435,anhaenger-150x300cm-20t-typ-7-20-hobby-hochplane-180-cm-angebot-neu,https://containersolutionscs.de/produkt/anhaenger-150x300cm-20t-typ-7-20-hobby-hochplane-180-cm-angebot-neu/,"Anhänger 150x300cm 2,0t | Typ 7.20 Hobby | Hochplane 180 cm | Angebot-Neu",,Anhänger,,3435,"Anhänger 150x300cm 2,0t | Typ 7.20 Hobby | Hochplane 180 cm | Angebot-Neu",CL3ST2690,2500.00,2500.00,EUR,,True,https://containersolutionscs.de/wp-content/uploads/2026/07/20mitplane-2.jpg
woocommerce,https://containersolutionscs.de,3411,anhaenger-105x205cm-750kg-typ-u2-neu,https://containersolutionscs.de/produkt/anhaenger-105x205cm-750kg-typ-u2-neu/,Anhänger 105x205cm 750kg | Typ U2-Neu,,Anhänger,,3411,Anhänger 105x205cm 750kg | Typ U2-Neu,CL3ST2689,1099.00,1099.00,EUR,,True,https://containersolutionscs.de/wp-content/uploads/2026/07/2-un-17.webp
woocommerce,https://containersolutionscs.de,3389,anhaenger-edition-35-125x250cm-240kg-typ-4-13-hochplane-160cm,https://containersolutionscs.de/produkt/anhaenger-edition-35-125x250cm-240kg-typ-4-13-hochplane-160cm/,Anhänger „Edition 35“ 125x250cm 240kg | Typ 4.13 | Hochplane 160cm,,Anhänger,,3389,Anhänger „Edition 35“ 125x250cm 240kg | Typ 4.13 | Hochplane 160cm,CL3ST2688,2150.00,2150.00,EUR,,True,https://containersolutionscs.de/wp-content/uploads/2026/07/11-geb-2.webp
woocommerce,https://containersolutionscs.de,3367,variant-pkw-anhaenger-universaltransporter-3542-ux-kippbar3500-kg-ladeflaeche-420-x-210-m-mit-bordwaende,https://containersolutionscs.de/produkt/variant-pkw-anhaenger-universaltransporter-3542-ux-kippbar3500-kg-ladeflaeche-420-x-210-m-mit-bordwaende/,"Variant PKW Anhänger Universaltransporter 3542 UX – kippbar,3500 kg, Ladefläche 4,20 x 2,10 m, mit Bordwände",,Anhänger,,3367,"Variant PKW Anhänger Universaltransporter 3542 UX – kippbar,3500 kg, Ladefläche 4,20 x 2,10 m, mit Bordwände",CL3ST2687,6800.00,6800.00,EUR,,True,https://containersolutionscs.de/wp-content/uploads/2026/07/13100101_2_1920x1920.jpg
woocommerce,https://containersolutionscs.de,3358,humbaur-mtka-304222-universaltransporter-3000kg-ladeflaeche-420-x-218m-mit-rampevielseitiger-zweiachser-universaltransporter-mit-hydraulischer-kippbruecke-handpumpe-niedriger-ladeh,https://containersolutionscs.de/produkt/humbaur-mtka-304222-universaltransporter-3000kg-ladeflaeche-420-x-218m-mit-rampevielseitiger-zweiachser-universaltransporter-mit-hydraulischer-kippbruecke-handpumpe-niedriger-ladeh/,"Humbaur MTKA 304222 Universaltransporter 3000kg, Ladefläche4,20 x 2,18m mit Rampe",,Anhänger,,3358,"Humbaur MTKA 304222 Universaltransporter 3000kg, Ladefläche4,20 x 2,18m mit Rampe",CL3ST2686,6500.00,6500.00,EUR,,True,https://containersolutionscs.de/wp-content/uploads/2026/07/15100003_3_1920x1920.png
woocommerce,https://containersolutionscs.de,3352,variant-pkw-anhaenger-bootsanhaenger-3502-bb-3500-kg,https://containersolutionscs.de/produkt/variant-pkw-anhaenger-bootsanhaenger-3502-bb-3500-kg/,"Variant PKW Anhänger Bootsanhänger 3502 BB, 3500 kg",,Bootsanhänger,,3352,"Variant PKW Anhänger Bootsanhänger 3502 BB, 3500 kg",CL3ST2685,5200.00,5200.00,EUR,,True,https://containersolutionscs.de/wp-content/uploads/2026/07/13100084_1_Galerie-scaled.jpg
woocommerce,https://containersolutionscs.de,3348,variant-pkw-anhaenger-bootsanhaenger-2701-bb-2700-kg-fuer-boote-bis-24-fuss,https://containersolutionscs.de/produkt/variant-pkw-anhaenger-bootsanhaenger-2701-bb-2700-kg-fuer-boote-bis-24-fuss/,"Variant PKW Anhänger Bootsanhänger 2701 BB, 2700 kg, für Boote bis 24 Fuß",,Bootsanhänger,,3348,"Variant PKW Anhänger Bootsanhänger 2701 BB, 2700 kg, für Boote bis 24 Fuß",CL3ST2684,4200.00,4200.00,EUR,,True,https://containersolutionscs.de/wp-content/uploads/2026/07/13100131_1_Galerie_1920x1920.jpg
woocommerce,https://containersolutionscs.de,3339,variant-pkw-anhaenger-bootsanhaenger-ocean-2000-2000-kg,https://containersolutionscs.de/produkt/variant-pkw-anhaenger-bootsanhaenger-ocean-2000-2000-kg/,"Variant PKW Anhänger Bootsanhänger Ocean 2000, 2000 kg",,Bootsanhänger,,3339,"Variant PKW Anhänger Bootsanhänger Ocean 2000, 2000 kg",CL3ST2683,4050.00,4050.00,EUR,,True,https://containersolutionscs.de/wp-content/uploads/2026/07/13100009_1_Galerie_1920x1920.jpg
woocommerce,https://containersolutionscs.de,3334,variant-pkw-anhaenger-bootsanhaenger-ocean-1800-1800-kg,https://containersolutionscs.de/produkt/variant-pkw-anhaenger-bootsanhaenger-ocean-1800-1800-kg/,"Variant PKW Anhänger Bootsanhänger Ocean 1800, 1800 kg",,Anhänger,,3334,"Variant PKW Anhänger Bootsanhänger Ocean 1800, 1800 kg",CL3ST2682,3250.00,3250.00,EUR,,True,https://containersolutionscs.de/wp-content/uploads/2026/07/13100008_1_Galerie.jpg
woocommerce,https://containersolutionscs.de,3329,variant-pkw-anhaenger-bootsanhaenger-1351-bb-1350-kg-fuer-boote-bis-19-fuss,https://containersolutionscs.de/produkt/variant-pkw-anhaenger-bootsanhaenger-1351-bb-1350-kg-fuer-boote-bis-19-fuss/,"Variant PKW Anhänger Bootsanhänger 1351 BB, 1350 kg, für Boote bis 19 Fuß",,Bootsanhänger,,3329,"Variant PKW Anhänger Bootsanhänger 1351 BB, 1350 kg, für Boote bis 19 Fuß",CL3ST2681,3200.00,3200.00,EUR,,True,https://containersolutionscs.de/wp-content/uploads/2026/07/13100127_1_Galerie_1920x1920-1.jpg
woocommerce,https://containersolutionscs.de,3324,variant-pkw-anhaenger-bootsanhaenger-ocean-1500-1500-kg,https://containersolutionscs.de/produkt/variant-pkw-anhaenger-bootsanhaenger-ocean-1500-1500-kg/,"Variant PKW Anhänger Bootsanhänger Ocean 1500, 1500 kg",,Bootsanhänger,,3324,"Variant PKW Anhänger Bootsanhänger Ocean 1500, 1500 kg",CL3ST2680,2450.00,2450.00,EUR,,True,https://containersolutionscs.de/wp-content/uploads/2026/07/13100007_1_Galerie_1920x1920.jpg
woocommerce,https://containersolutionscs.de,3316,variant-pkw-anhaenger-bootsanhaenger-ocean-1350-1350-kg,https://containersolutionscs.de/produkt/variant-pkw-anhaenger-bootsanhaenger-ocean-1350-1350-kg/,"Variant PKW Anhänger Bootsanhänger Ocean 1350, 1350 kg",,Bootsanhänger,,3316,"Variant PKW Anhänger Bootsanhänger Ocean 1350, 1350 kg",CL3ST2679,2250.00,2250.00,EUR,,True,https://containersolutionscs.de/wp-content/uploads/2026/07/13100006_1_Galerie_1920x1920.jpg
woocommerce,https://containersolutionscs.de,3308,variant-pkw-anhaenger-bootsanhaenger-ocean-1000-1000-kg,https://containersolutionscs.de/produkt/variant-pkw-anhaenger-bootsanhaenger-ocean-1000-1000-kg/,"Variant PKW Anhänger Bootsanhänger Ocean 1000, 1000 kg",,Bootsanhänger,,3308,"Variant PKW Anhänger Bootsanhänger Ocean 1000, 1000 kg",CL3ST2678,1995.00,1995.00,EUR,,True,https://containersolutionscs.de/wp-content/uploads/2026/07/13100005_1_Galerie_1920x1920.jpg
woocommerce,https://containersolutionscs.de,3301,anssems-pkw-anhaenger-multitransporter-msx-2700-kg-ladeflaeche-405-x-200-m,https://containersolutionscs.de/produkt/anssems-pkw-anhaenger-multitransporter-msx-2700-kg-ladeflaeche-405-x-200-m/,"Anssems PKW Anhänger Multitransporter MSX 2700 kg, Ladefläche 4,05 x 2,00 m",,Bootsanhänger,,3301,"Anssems PKW Anhänger Multitransporter MSX 2700 kg, Ladefläche 4,05 x 2,00 m",CL3ST2677,2899.00,2899.00,EUR,,True,https://containersolutionscs.de/wp-content/uploads/2026/07/12100102_1_GALERIE_1920x1920.jpg
woocommerce,https://containersolutionscs.de,3138,tpv-anhaenger-kt-eb2-gebremst-schwarz,https://containersolutionscs.de/produkt/tpv-anhaenger-kt-eb2-gebremst-schwarz/,TPV Anhänger KT-EB2 gebremst (schwarz),,Bootsanhänger,,3138,TPV Anhänger KT-EB2 gebremst (schwarz),CL3ST2676,2499.00,2499.00,EUR,,True,https://containersolutionscs.de/wp-content/uploads/2026/06/KT-EB2_3_DSC01228_bremse-retuschiert-schwarz-Stutzrad_600x600.jpg
woocommerce,https://containersolutionscs.de,3128,eduard-3518-gd-3500-kg-dreiseitenkipper-mit-elektrischer-bedienung-und-nothandpumpe-auffahrschienen-masse-1800-x-3560-x-300-mm-sw520256,https://containersolutionscs.de/produkt/eduard-3518-gd-3500-kg-dreiseitenkipper-mit-elektrischer-bedienung-und-nothandpumpe-auffahrschienen-masse-1800-x-3560-x-300-mm-sw520256/,"Eduard 3518 GD 3500 kg Dreiseitenkipper mit elektrischer Bedienung und Nothandpumpe, Auffahrschienen, Maße: 1800 x 3560 x 300 mm, SW520256",,Anhänger,,3128,"Eduard 3518 GD 3500 kg Dreiseitenkipper mit elektrischer Bedienung und Nothandpumpe, Auffahrschienen, Maße: 1800 x 3560 x 300 mm, SW520256",CL3ST2675,7500.00,7500.00,EUR,,True,https://containersolutionscs.de/wp-content/uploads/2026/06/SW520256-Eduard_3518_GD_3500_kg_Dreiseitenkipper_mit_elektrischer_Bedienung_und_Nothandpu-1-69b923d8502a9.jpg
woocommerce,https://containersolutionscs.de,3120,eduard-4020-gd-kfz-multi-transport-anhaenger-3500-kg-masse-2000-x-4060-x-100-mm-sw004824,https://containersolutionscs.de/produkt/eduard-4020-gd-kfz-multi-transport-anhaenger-3500-kg-masse-2000-x-4060-x-100-mm-sw004824/,"Eduard 4020 GD KFZ Multi Transport Anhänger 3500 kg, Maße: 2000 x 4060 x 100 mm, SW004824",,Anhänger,,3120,"Eduard 4020 GD KFZ Multi Transport Anhänger 3500 kg, Maße: 2000 x 4060 x 100 mm, SW004824",CL3ST2674,4500.00,4500.00,EUR,,True,https://containersolutionscs.de/wp-content/uploads/2026/06/SW004824-Eduard_4020_GD_KFZ_Multi_Transport_Anhaenger_3500_kg_Ma_e_2000_x_4060_x_100_m-1-69b923ee80166.jpg
woocommerce,https://containersolutionscs.de,3116,3116,https://containersolutionscs.de/produkt/3116/,"Ifor Williams Pferdeanhänger TA5 311x155x182 cm, SW11201",,Pferdeanhänger,,3116,"Ifor Williams Pferdeanhänger TA5 311x155x182 cm, SW11201",CL3ST2673,8000.00,8000.00,EUR,,True,https://containersolutionscs.de/wp-content/uploads/2026/06/SW11201-Ifor_Williams_Pferdeanhaenger_TA5_311x155x182_cm_SW11201-1-69b9249d1bc87.webp
woocommerce,https://containersolutionscs.de,3109,ifor-williams-pferdeanhaenger-ta5-372x155x115-cm-sw10828,https://containersolutionscs.de/produkt/ifor-williams-pferdeanhaenger-ta5-372x155x115-cm-sw10828/,"Ifor Williams Pferdeanhänger TA5 372x155x115 cm, SW10828",,Pferdeanhänger,,3109,"Ifor Williams Pferdeanhänger TA5 372x155x115 cm, SW10828",CL3ST2672,9000.00,9000.00,EUR,,True,https://containersolutionscs.de/wp-content/uploads/2026/06/SW10828-Ifor_Williams_Pferdeanhaenger_TA5_372x155x115_cm_SW10828-5-69b924a0c6edc.jpg
woocommerce,https://containersolutionscs.de,3103,ifor-williams-pferdeanhaenger-ta5-311x155x115-cm-sw10827,https://containersolutionscs.de/produkt/ifor-williams-pferdeanhaenger-ta5-311x155x115-cm-sw10827/,"Ifor Williams Pferdeanhänger TA5 311x155x115 cm, SW10827",,Pferdeanhänger,,3103,"Ifor Williams Pferdeanhänger TA5 311x155x115 cm, SW10827",CL3ST2671,8800.00,8800.00,EUR,,True,https://containersolutionscs.de/wp-content/uploads/2026/06/SW10827-Ifor_Williams_Pferdeanhaenger_TA5_311x155x115_cm_SW10827-4-69b9249c3c24d.jpg
woocommerce,https://containersolutionscs.de,3100,ifor-williams-pferdeanhaenger-ta5-250x155x182-cm-sw10830,https://containersolutionscs.de/produkt/ifor-williams-pferdeanhaenger-ta5-250x155x182-cm-sw10830/,"Ifor Williams Pferdeanhänger TA5 250x155x182 cm, SW10830",,Pferdeanhänger,,3100,"Ifor Williams Pferdeanhänger TA5 250x155x182 cm, SW10830",LC3ST2670,8500.00,8500.00,EUR,,True,https://containersolutionscs.de/wp-content/uploads/2026/06/SW10830-Ifor_Williams_Pferdeanhaenger_TA5_250x155x182_cm_SW10830-1-69b924992c0e7.jpg
woocommerce,https://containersolutionscs.de,3097,ifor-williams-pferdeanhaenger-ta5-250x155x115-cm-sw10826,https://containersolutionscs.de/produkt/ifor-williams-pferdeanhaenger-ta5-250x155x115-cm-sw10826/,"Ifor Williams Pferdeanhänger TA5 250x155x115 cm, SW10826",,Pferdeanhänger,,3097,"Ifor Williams Pferdeanhänger TA5 250x155x115 cm, SW10826",CL3ST2669,5800.00,5800.00,EUR,,True,https://containersolutionscs.de/wp-content/uploads/2026/06/SW10826-Ifor_Williams_Pferdeanhaenger_TA5_250x155x115_cm_SW10826-1-69b9246e81d0f.jpg
woocommerce,https://containersolutionscs.de,3079,ifor-williams-pferdeanhaenger-hb511silberfrontausstieg-neu,https://containersolutionscs.de/produkt/ifor-williams-pferdeanhaenger-hb511silberfrontausstieg-neu/,Ifor Williams Pferdeanhänger HB511|Silber|Frontausstieg-Neu,,Pferdeanhänger,,3079,Ifor Williams Pferdeanhänger HB511|Silber|Frontausstieg-Neu,CL3ST2668,5200.00,5200.00,EUR,,True,https://containersolutionscs.de/wp-content/uploads/2026/06/0203de17-cf79-4661-90cf-3bee2d33fba3.jpg
woocommerce,https://containersolutionscs.de,3061,cheval-liberte-pferdeanhaenger-maxi-2-schwarz-neu,https://containersolutionscs.de/produkt/cheval-liberte-pferdeanhaenger-maxi-2-schwarz-neu/,Cheval Liberte Pferdeanhänger MAXI 2 | schwarz-Neu,,Pferdeanhänger,,3061,Cheval Liberte Pferdeanhänger MAXI 2 | schwarz-Neu,CL3ST2667,6500.00,6500.00,EUR,,True,https://containersolutionscs.de/wp-content/uploads/2026/06/99f9442c-3014-47da-858d-ac1aef10e92a.jpg
woocommerce,https://containersolutionscs.de,3044,cheval-liberte-pferdeanhaenger-gold-3-premium-pullman-2-sattelkammer-weiss-neu,https://containersolutionscs.de/produkt/cheval-liberte-pferdeanhaenger-gold-3-premium-pullman-2-sattelkammer-weiss-neu/,Cheval Liberte Pferdeanhänger GOLD 3 | Premium | Pullman 2 | Sattelkammer | weiß-Neu,,Pferdeanhänger,,3044,Cheval Liberte Pferdeanhänger GOLD 3 | Premium | Pullman 2 | Sattelkammer | weiß-Neu,CL3ST2666,3800.00,3800.00,EUR,,True,https://containersolutionscs.de/wp-content/uploads/2026/06/c9336849-f62c-45b9-aaf6-73412a972a08.jpg
woocommerce,https://containersolutionscs.de,3029,cheval-liberte-pferdeanhaenger-gold-3-premium-pullman-2-sattelkammer-grau-neu,https://containersolutionscs.de/produkt/cheval-liberte-pferdeanhaenger-gold-3-premium-pullman-2-sattelkammer-grau-neu/,Cheval Liberte Pferdeanhänger GOLD 3 | Premium | Pullman 2 | Sattelkammer | grau-Neu,,Pferdeanhänger,,3029,Cheval Liberte Pferdeanhänger GOLD 3 | Premium | Pullman 2 | Sattelkammer | grau-Neu,CL3ST2665,3800.00,3800.00,EUR,,True,https://containersolutionscs.de/wp-content/uploads/2026/06/c4db78f2-524d-45ad-a8f1-e7f98787042e.jpg
woocommerce,https://containersolutionscs.de,3011,cheval-liberte-pferdeanhaenger-gold-3-premium-pullman-2-sattelkammer-blau-neu,https://containersolutionscs.de/produkt/cheval-liberte-pferdeanhaenger-gold-3-premium-pullman-2-sattelkammer-blau-neu/,Cheval Liberte Pferdeanhänger GOLD 3 | Premium | Pullman 2 | Sattelkammer | blau-Neu,,Pferdeanhänger,,3011,Cheval Liberte Pferdeanhänger GOLD 3 | Premium | Pullman 2 | Sattelkammer | blau-Neu,CL3ST2664,3800.00,3800.00,EUR,,True,https://containersolutionscs.de/wp-content/uploads/2026/06/4306747b-76ac-4289-9648-ca63a8a541f6.jpg
woocommerce,https://containersolutionscs.de,2999,grosser-buerocontainer-80x30m-mit-duschkabine-und-kuechenmoebeln,https://containersolutionscs.de/produkt/grosser-buerocontainer-80x30m-mit-duschkabine-und-kuechenmoebeln/,"Großer Bürocontainer 8,0×3,0m mit Duschkabine und Küchenmöbeln",,Wohncontainer,,2999,"Großer Bürocontainer 8,0×3,0m mit Duschkabine und Küchenmöbeln",CL3ST2663,2500.00,2500.00,EUR,,True,https://containersolutionscs.de/wp-content/uploads/2026/06/449508724_3776825499313242_3992312112191930946_n_56101d0b-4211-47b8-b200-8eb3b9320ec2-1.webp
woocommerce,https://containersolutionscs.de,2994,stahlworks-eco-6000-a-2024-modularer-wohn-und-buerocontainer-mit-sanitaerbereich,https://containersolutionscs.de/produkt/stahlworks-eco-6000-a-2024-modularer-wohn-und-buerocontainer-mit-sanitaerbereich/,Stahlworks Eco 6000 A (2024) – Modularer Wohn- und Bürocontainer mit Sanitärbereich,,Wohncontainer,,2994,Stahlworks Eco 6000 A (2024) – Modularer Wohn- und Bürocontainer mit Sanitärbereich,CL3ST2662,2850.00,2850.00,EUR,,True,https://containersolutionscs.de/wp-content/uploads/2026/06/e5e9e5fbcmv2-1-600x440-1.webp
woocommerce,https://containersolutionscs.de,2980,massgefertigtes-32-fuss-x-10-fuss-grosses-kabinenbuero-kantine-11-wc-waschraeume-vandalensicher,https://containersolutionscs.de/produkt/massgefertigtes-32-fuss-x-10-fuss-grosses-kabinenbuero-kantine-11-wc-waschraeume-vandalensicher/,"Maßgefertigtes 32 Fuß × 10 Fuß großes Kabinenbüro + Kantine + 1+1 WC-Waschräume, vandalensicher",,Wohncontainer,,2980,"Maßgefertigtes 32 Fuß × 10 Fuß großes Kabinenbüro + Kantine + 1+1 WC-Waschräume, vandalensicher",CL3ST2661,5400.00,5400.00,EUR,,True,https://containersolutionscs.de/wp-content/uploads/2026/06/CUSTOM-32x10-ft-Cabin-Office-Canteen-11-WC-Wash-Rooms-Anti-Vandal-33.jpg
woocommerce,https://containersolutionscs.de,2974,24-fuss-x-9-fuss-grosse-buero-kantinenkabine-aus-stahl,https://containersolutionscs.de/produkt/24-fuss-x-9-fuss-grosse-buero-kantinenkabine-aus-stahl/,24 Fuß x 9 Fuß große Büro-/Kantinenkabine aus Stahl,,Wohncontainer,,2974,24 Fuß x 9 Fuß große Büro-/Kantinenkabine aus Stahl,CL3ST2660,4150.00,4150.00,EUR,,True,https://containersolutionscs.de/wp-content/uploads/2026/06/24Ft-x-9Ft-Steel-Office-Canteen-Cabin-1.png
woocommerce,https://containersolutionscs.de,2967,16-fuss-x-7-fuss-6-zoll-grosse-mobile-kantinenkabine,https://containersolutionscs.de/produkt/16-fuss-x-7-fuss-6-zoll-grosse-mobile-kantinenkabine/,16 Fuß x 7 Fuß 6 Zoll große mobile Kantinenkabine,,Wohncontainer,,2967,16 Fuß x 7 Fuß 6 Zoll große mobile Kantinenkabine,CL3ST2659,6800.00,6800.00,EUR,,True,https://containersolutionscs.de/wp-content/uploads/2026/06/16Ft-x-7Ft-6in-Mobile-Canteen-Cabin-1-1-1.webp
woocommerce,https://containersolutionscs.de,2956,10-m-x-4-m-fertigcontainerbuero,https://containersolutionscs.de/produkt/10-m-x-4-m-fertigcontainerbuero/,10 m x 4 m Fertigcontainerbüro,,Wohncontainer,,2956,10 m x 4 m Fertigcontainerbüro,CL3ST2658,4050.00,4050.00,EUR,,True,https://containersolutionscs.de/wp-content/uploads/2026/06/10m-x-4m-Prefabricated-Container-Office1-2.jpg
woocommerce,https://containersolutionscs.de,2949,container-werkzeugcontainer-3x2-m-foco-einzeltuer-galvanisiert-selbstmontage,https://containersolutionscs.de/produkt/container-werkzeugcontainer-3x2-m-foco-einzeltuer-galvanisiert-selbstmontage/,"Container Werkzeugcontainer 3×2 m FOCO – Einzeltür, Galvanisiert, Selbstmontage",,Werkstattcontainer,,2949,"Container Werkzeugcontainer 3×2 m FOCO – Einzeltür, Galvanisiert, Selbstmontage",CL3ST2657,1850.00,1850.00,EUR,,True,https://containersolutionscs.de/wp-content/uploads/2026/06/L1010061-02-copy.webp
woocommerce,https://containersolutionscs.de,2940,container-werkstatt-5x2-m-doppeltuer-kurze-seite-schwarz-ral-9005,https://containersolutionscs.de/produkt/container-werkstatt-5x2-m-doppeltuer-kurze-seite-schwarz-ral-9005/,"Container Werkstatt 5×2 m – Doppeltür kurze Seite, Schwarz RAL 9005",,Werkstattcontainer,,2940,"Container Werkstatt 5×2 m – Doppeltür kurze Seite, Schwarz RAL 9005",CL3ST2656,2350.00,2350.00,EUR,,True,https://containersolutionscs.de/wp-content/uploads/2026/06/6x2-DDS-b.webp
woocommerce,https://containersolutionscs.de,2935,werkstattcontainer-10-fuss-kompakte-mobile-werkstatt,https://containersolutionscs.de/produkt/werkstattcontainer-10-fuss-kompakte-mobile-werkstatt/,Werkstattcontainer 10 Fuß – Kompakte mobile Werkstatt,,Werkstattcontainer,,2935,Werkstattcontainer 10 Fuß – Kompakte mobile Werkstatt,CL3ST2655,3100.00,3100.00,EUR,,True,https://containersolutionscs.de/wp-content/uploads/2026/06/CHV-110-Lagercontainer-10ft-main-new-sqr.jpg
woocommerce,https://containersolutionscs.de,2921,20-fuss-6m-spezial-blechcontainer-mit-doppelfluegeltuer-auf-der-langen-seite,https://containersolutionscs.de/produkt/20-fuss-6m-spezial-blechcontainer-mit-doppelfluegeltuer-auf-der-langen-seite/,Werkstattcontainer Lagercontainer Lagerbox Container,,Werkstattcontainer,,2921,Werkstattcontainer Lagercontainer Lagerbox Container,CL3ST2654,2500.00,2500.00,EUR,,True,https://containersolutionscs.de/wp-content/uploads/2026/06/4m-spezial-container-ansicht3a_1280x1280.jpg
woocommerce,https://containersolutionscs.de,2909,werkstattcontainer-werkzeugcontainer-garage-mobile-werkstatt,https://containersolutionscs.de/produkt/werkstattcontainer-werkzeugcontainer-garage-mobile-werkstatt/,Werkstattcontainer  Garage mobile Werkstatt,,Werkstattcontainer,,2909,Werkstattcontainer  Garage mobile Werkstatt,CL3ST2653,11500.00,11500.00,EUR,,True,https://containersolutionscs.de/wp-content/uploads/2026/06/0fefcb_2257dfe4161a4df88e8f616ecd4e88c2mv2.avif
woocommerce,https://containersolutionscs.de,2901,20-fuss-werkstattcontainer,https://containersolutionscs.de/produkt/20-fuss-werkstattcontainer/,20-Fuß-Werkstattcontainer,,Werkstattcontainer,,2901,20-Fuß-Werkstattcontainer,CL3ST2652,2150.00,2150.00,EUR,,True,https://containersolutionscs.de/wp-content/uploads/2026/06/20WC2000220RAL7016.webp
woocommerce,https://containersolutionscs.de,2856,schoenes-modulhaus-mit-48-m%c2%b2,https://containersolutionscs.de/produkt/schoenes-modulhaus-mit-48-m%c2%b2/,Schönes Modulhaus mit 48 m²,,Wohncontainer,,2856,Schönes Modulhaus mit 48 m²,CL3ST2651,9500.00,9500.00,EUR,,True,https://containersolutionscs.de/wp-content/uploads/2026/06/jagmaison1-1-1.jpg
woocommerce,https://containersolutionscs.de,2839,tiny-house-mit-schlafzimmer-und-dachboden-im-erdgeschoss,https://containersolutionscs.de/produkt/tiny-house-mit-schlafzimmer-und-dachboden-im-erdgeschoss/,Tiny House mit Schlafzimmer und Dachboden im Erdgeschoss,,Wohncontainer,,2839,Tiny House mit Schlafzimmer und Dachboden im Erdgeschoss,CL3ST2650,8500.00,8500.00,EUR,,True,https://containersolutionscs.de/wp-content/uploads/2026/06/new-390-sq-ft-tiny-house-with-main-1M3HZD2ZY5-02-1.webp
woocommerce,https://containersolutionscs.de,2823,40-fuss-containerhaus-versandfertig,https://containersolutionscs.de/produkt/40-fuss-containerhaus-versandfertig/,40-Fuß-Containerhaus – versandfertig,,Wohncontainer,,2823,40-Fuß-Containerhaus – versandfertig,CL3ST2649,6650.00,6650.00,EUR,,True,https://containersolutionscs.de/wp-content/uploads/2026/06/dab923_8b74c56681354dc99a65340073ae9575mv2-1.webp
woocommerce,https://containersolutionscs.de,2808,tiny-house-35-m%c2%b2-standard-schluesselfertig,https://containersolutionscs.de/produkt/tiny-house-35-m%c2%b2-standard-schluesselfertig/,Tiny House 35 m² – Standard schlüsselfertig,,Wohncontainer,,2808,Tiny House 35 m² – Standard schlüsselfertig,CL3ST2648,12500.00,12500.00,EUR,,True,https://containersolutionscs.de/wp-content/uploads/2026/06/3c2830_6a5449d1c82f4b6ab0f49e328a12c7dcmv2.webp
woocommerce,https://containersolutionscs.de,2797,mobilheim-t3-family-pkl-12x4m-48m%c2%b2-komplett-ausgestattetes-familien-mobilheim,https://containersolutionscs.de/produkt/mobilheim-t3-family-pkl-12x4m-48m%c2%b2-komplett-ausgestattetes-familien-mobilheim/,Mobilheim T3 „FAMILY“ PKL 12×4m / 48m² – Komplett ausgestattetes Familien-Mobilheim,,Wohncontainer,,2797,Mobilheim T3 „FAMILY“ PKL 12×4m / 48m² – Komplett ausgestattetes Familien-Mobilheim,CL3ST2647,7500.00,7500.00,EUR,,True,https://containersolutionscs.de/wp-content/uploads/2026/06/WhatsApp-Image-2026-03-09-at-19.25.34.webp
woocommerce,https://containersolutionscs.de,2786,eco-4000-b-tiny-house-mobiles-wohnmodul-mit-bad-stahlwerke-2024,https://containersolutionscs.de/produkt/eco-4000-b-tiny-house-mobiles-wohnmodul-mit-bad-stahlwerke-2024/,"Eco 4000 B Tiny House – Mobiles Wohnmodul mit Bad (Stahlwerke, 2024)",,Wohncontainer,,2786,"Eco 4000 B Tiny House – Mobiles Wohnmodul mit Bad (Stahlwerke, 2024)",CL3ST2646,2885.00,2885.00,EUR,,True,https://containersolutionscs.de/wp-content/uploads/2026/06/file-1-8jndbgd-1.webp
woocommerce,https://containersolutionscs.de,2770,moeblierter-containerbungalow-mit-neuem-gartenchalet-6x48m,https://containersolutionscs.de/produkt/moeblierter-containerbungalow-mit-neuem-gartenchalet-6x48m/,"Möblierter Containerbungalow mit neuem Gartenchalet 6×4,8m",,Wohncontainer,,2770,"Möblierter Containerbungalow mit neuem Gartenchalet 6×4,8m",CL3ST2645,8300.00,8300.00,EUR,,True,https://containersolutionscs.de/wp-content/uploads/2026/06/3c2830_359acf0bf5964b1b8.webp
woocommerce,https://containersolutionscs.de,2753,wohncontainer-ac-container-movemente-t2-neu-48m%c2%b2-2-zimmer,https://containersolutionscs.de/produkt/wohncontainer-ac-container-movemente-t2-neu-48m%c2%b2-2-zimmer/,"Wohncontainer AC-Container Movemente T2 – Neu, 48m², 2 Zimmer",,Wohncontainer,"AC-Container, Containerhaus, Movemente T2, Wohncontainer",2753,"Wohncontainer AC-Container Movemente T2 – Neu, 48m², 2 Zimmer",LC3ST2644,5400.00,5400.00,EUR,,True,https://containersolutionscs.de/wp-content/uploads/2026/06/d9bb1a6a-10bd-44db-b960-24981990b9cc-1.webp
woocommerce,https://containersolutionscs.de,2656,mobiler-wohncontainer-luxusholz,https://containersolutionscs.de/produkt/mobiler-wohncontainer-luxusholz/,Mobiler Wohncontainer / Luxusholz,,Wohncontainer,"Wohncontainer, Wohncontainer kaufen, Wohncontainer mit Küche und Bad",2656,Mobiler Wohncontainer / Luxusholz,CL3ST2643,5000.00,5000.00,EUR,,True,https://containersolutionscs.de/wp-content/uploads/2026/06/3c2830_5fdd28313e1-1-1.webp
woocommerce,https://containersolutionscs.de,2645,duschcontainer-sanitaercontainer-als-doppelkabine-mit-zwei-duschen-ral9002-weiss,https://containersolutionscs.de/produkt/duschcontainer-sanitaercontainer-als-doppelkabine-mit-zwei-duschen-ral9002-weiss/,Duschcontainer – Sanitärcontainer als Doppelkabine mit zwei Duschen – RAL9002 weiß,,Sanitärcontainer,,2645,Duschcontainer – Sanitärcontainer als Doppelkabine mit zwei Duschen – RAL9002 weiß,CL3ST2642,3600.00,3600.00,EUR,,True,https://containersolutionscs.de/wp-content/uploads/2026/06/duschcontainer_ral9002_doppelkabine_offen_1280x1280.jpg
woocommerce,https://containersolutionscs.de,2635,behindertengerechter-sanitaercontainer-mit-rampe-und-warmwasser-ral-7016,https://containersolutionscs.de/produkt/behindertengerechter-sanitaercontainer-mit-rampe-und-warmwasser-ral-7016/,Behindertengerechter Sanitärcontainer mit Rampe und Warmwasser – RAL 7016,,Sanitärcontainer,,2635,Behindertengerechter Sanitärcontainer mit Rampe und Warmwasser – RAL 7016,CL3ST2641,3900.00,3900.00,EUR,,True,https://containersolutionscs.de/wp-content/uploads/2026/06/sanit-rcontainer_behinderten_wc_voll_ausgestattet.jpg
woocommerce,https://containersolutionscs.de,2625,sanitaercontainer-mit-dusche-wc-und-pissoir-ral-7016-anthrazitgrau,https://containersolutionscs.de/produkt/sanitaercontainer-mit-dusche-wc-und-pissoir-ral-7016-anthrazitgrau/,"Sanitärcontainer mit Dusche, WC und Pissoir – RAL 7016 Anthrazitgrau",,Sanitärcontainer,,2625,"Sanitärcontainer mit Dusche, WC und Pissoir – RAL 7016 Anthrazitgrau",CL3ST2640,3200.00,3200.00,EUR,,True,https://containersolutionscs.de/wp-content/uploads/2026/06/sanit-rcontainer_vollansicht_1280x1280.jpg
woocommerce,https://containersolutionscs.de,2615,sanitaercontainer-toilette-in-weiss-fuer-mann-und-frau-ral9002,https://containersolutionscs.de/produkt/sanitaercontainer-toilette-in-weiss-fuer-mann-und-frau-ral9002/,Sanitärcontainer Toilette in Weiß für Mann und Frau RAL9002,,Sanitärcontainer,,2615,Sanitärcontainer Toilette in Weiß für Mann und Frau RAL9002,CL3ST2639,2800.00,2800.00,EUR,,True,https://containersolutionscs.de/wp-content/uploads/2026/06/sanitaercontainer_ral9002_offen_1280x1280.jpg
woocommerce,https://containersolutionscs.de,2604,sanitaercontainer-mini-wc-poco-sani-nr-2-fuer-damen-und-herren-100-made-in-germany,https://containersolutionscs.de/produkt/sanitaercontainer-mini-wc-poco-sani-nr-2-fuer-damen-und-herren-100-made-in-germany/,Sanitärcontainer – Mini-WC „Poco-Sani Nr. 2“ für Damen und Herren | 100% Made in Germany,,Sanitärcontainer,,2604,Sanitärcontainer – Mini-WC „Poco-Sani Nr. 2“ für Damen und Herren | 100% Made in Germany,CL3ST2638,6700.00,6700.00,EUR,,True,https://containersolutionscs.de/wp-content/uploads/2026/06/sanitaercontainer_1280x1280.jpg
woocommerce,https://containersolutionscs.de,2592,sanitaercontainer-ral-9002-klo-pissoir-waschbecken-mit-warmwasser,https://containersolutionscs.de/produkt/sanitaercontainer-ral-9002-klo-pissoir-waschbecken-mit-warmwasser/,"Sanitärcontainer RAL 9002 – Klo, Pissoir, Waschbecken mit Warmwasser",,Sanitärcontainer,,2592,"Sanitärcontainer RAL 9002 – Klo, Pissoir, Waschbecken mit Warmwasser",CL3ST2637,2500.00,2500.00,EUR,,True,https://containersolutionscs.de/wp-content/uploads/2026/06/sanitaercontainer_warmwasser_ral9002_vollansicht_1280x1280.jpg
woocommerce,https://containersolutionscs.de,2580,sanitaercontainer-4x2-m-ral7016-4-wc-kabinen-4-pissoirs,https://containersolutionscs.de/produkt/sanitaercontainer-4x2-m-ral7016-4-wc-kabinen-4-pissoirs/,Sanitärcontainer 4×2 m RAL7016 – 4 WC-Kabinen & 4 Pissoirs,,Sanitärcontainer,,2580,Sanitärcontainer 4×2 m RAL7016 – 4 WC-Kabinen & 4 Pissoirs,CL3ST2636,7500.00,7500.00,EUR,,True,https://containersolutionscs.de/wp-content/uploads/2026/06/Sanitaercontainer-4x2m-RAL7016-WC-Kabinen-voll-ausgestattet_1920x1920.jpg
woocommerce,https://containersolutionscs.de,2568,grosser-sanitaercontainer-mit-wc-dusche-und-warmwasser-ral-9002-weiss,https://containersolutionscs.de/produkt/grosser-sanitaercontainer-mit-wc-dusche-und-warmwasser-ral-9002-weiss/,"Großer Sanitärcontainer mit WC, Dusche und Warmwasser – RAL 9002 Weiß",,Sanitärcontainer,,2568,"Großer Sanitärcontainer mit WC, Dusche und Warmwasser – RAL 9002 Weiß",CL3ST2635,3000.00,3000.00,EUR,,True,https://containersolutionscs.de/wp-content/uploads/2026/06/grosser_sanitaercontainer_ral9002_tuer.jpg
woocommerce,https://containersolutionscs.de,2560,duschcontainer-sanitaercontainer-als-doppelkabine-mit-zwei-duschen-ral-7016-anthrazit,https://containersolutionscs.de/produkt/duschcontainer-sanitaercontainer-als-doppelkabine-mit-zwei-duschen-ral-7016-anthrazit/,Duschcontainer – Sanitärcontainer als Doppelkabine mit zwei Duschen – RAL 7016 Anthrazit,,Sanitärcontainer,,2560,Duschcontainer – Sanitärcontainer als Doppelkabine mit zwei Duschen – RAL 7016 Anthrazit,CL3ST2634,3100.00,3100.00,EUR,,True,https://containersolutionscs.de/wp-content/uploads/2026/06/duschcontainer_ral7016_doppelkabine_frontansicht_1280x1280.jpg
woocommerce,https://containersolutionscs.de,2548,wc-sanitaercontainer-mit-doppelkabine-fuer-mann-und-frau-anthrazit-ral-7016,https://containersolutionscs.de/produkt/wc-sanitaercontainer-mit-doppelkabine-fuer-mann-und-frau-anthrazit-ral-7016/,WC Sanitärcontainer mit Doppelkabine – für Mann und Frau – Anthrazit (RAL 7016),,Sanitärcontainer,,2548,WC Sanitärcontainer mit Doppelkabine – für Mann und Frau – Anthrazit (RAL 7016),CL3ST2633,2399.00,2399.00,EUR,,True,https://containersolutionscs.de/wp-content/uploads/2026/06/sanitaercontainer_geoeffnethnnykxxzdfeo3.jpg
woocommerce,https://containersolutionscs.de,2538,aiper-scuba-x1-pro-max-poolroboter-kabellose-reinigung-fuer-pools-bis-300-m%c2%b2,https://containersolutionscs.de/produkt/aiper-scuba-x1-pro-max-poolroboter-kabellose-reinigung-fuer-pools-bis-300-m%c2%b2/,Aiper Scuba X1 Pro Max Poolroboter – Kabellose Reinigung für Pools bis 300 m²,,Poolroboter,,2538,Aiper Scuba X1 Pro Max Poolroboter – Kabellose Reinigung für Pools bis 300 m²,CL3ST2632,1150.00,1150.00,EUR,,True,https://containersolutionscs.de/wp-content/uploads/2026/06/as.152668921.jpg
woocommerce,https://containersolutionscs.de,2528,aiper-scuba-s3-kabelloser-poolroboter-fuer-pools-bis-150-m%c2%b2,https://containersolutionscs.de/produkt/aiper-scuba-s3-kabelloser-poolroboter-fuer-pools-bis-150-m%c2%b2/,Aiper Scuba S3 – Kabelloser Poolroboter für Pools bis 150 m²,,Poolroboter,,2528,Aiper Scuba S3 – Kabelloser Poolroboter für Pools bis 150 m²,CL3ST2631,600.00,600.00,EUR,,True,https://containersolutionscs.de/wp-content/uploads/2026/06/as.185233814.jpg
woocommerce,https://containersolutionscs.de,2522,aiper-scuba-s1-2026-edition-kabelloser-poolreinigungsroboter-fuer-pools-bis-150-m%c2%b2,https://containersolutionscs.de/produkt/aiper-scuba-s1-2026-edition-kabelloser-poolreinigungsroboter-fuer-pools-bis-150-m%c2%b2/,Aiper Scuba S1 (2026 Edition) – Kabelloser Poolreinigungsroboter für Pools bis 150 m²,,Poolroboter,,2522,Aiper Scuba S1 (2026 Edition) – Kabelloser Poolreinigungsroboter für Pools bis 150 m²,CL3ST2630,375.00,375.00,EUR,,True,https://containersolutionscs.de/wp-content/uploads/2026/06/as.151765771.jpg
woocommerce,https://containersolutionscs.de,2509,beatbot-sora-p7-poolroboter,https://containersolutionscs.de/produkt/beatbot-sora-p7-poolroboter/,Beatbot Sora P7 Poolroboter,,Poolroboter,,2509,Beatbot Sora P7 Poolroboter,CL3ST2629,875.00,875.00,EUR,,True,https://containersolutionscs.de/wp-content/uploads/2026/06/beatbot-sora-p7-poolroboter-rueckansicht-filterkorb.jpg
woocommerce,https://containersolutionscs.de,2497,beatbot-sora-p1-poolroboter,https://containersolutionscs.de/produkt/beatbot-sora-p1-poolroboter/,Beatbot Sora P1 Poolroboter,,Poolroboter,,2497,Beatbot Sora P1 Poolroboter,CL3ST2628,430.00,430.00,EUR,,True,https://containersolutionscs.de/wp-content/uploads/2026/06/beatbot-sora-p1-poolroboter-schraegansicht-hinten.jpg
woocommerce,https://containersolutionscs.de,2483,beatbot-aquasense-2-ultra-poolroboter,https://containersolutionscs.de/produkt/beatbot-aquasense-2-ultra-poolroboter/,Beatbot AquaSense 2 Ultra Poolroboter,,Poolroboter,,2483,Beatbot AquaSense 2 Ultra Poolroboter,CL3ST2627,2150.00,2150.00,EUR,,True,https://containersolutionscs.de/wp-content/uploads/2026/06/beatbot-aquasense-2-ultra-poolroboter-anwendung-bb-aquasense2ultra.jpg
woocommerce,https://containersolutionscs.de,2465,beatbot-aquasense-2-pro-poolroboter,https://containersolutionscs.de/produkt/beatbot-aquasense-2-pro-poolroboter/,Beatbot AquaSense 2 Pro Poolroboter,,Poolroboter,,2465,Beatbot AquaSense 2 Pro Poolroboter,CL3ST2626,1650.00,1650.00,EUR,,True,https://containersolutionscs.de/wp-content/uploads/2026/06/beatbot-aquasense-2-pro-schraegansicht-links-buersten.jpg
woocommerce,https://containersolutionscs.de,2455,beatbot-aquasense-2-poolroboter,https://containersolutionscs.de/produkt/beatbot-aquasense-2-poolroboter/,Beatbot AquaSense 2 Poolroboter,,Poolroboter,,2455,Beatbot AquaSense 2 Poolroboter,CL3ST2625,850.00,850.00,EUR,,True,https://containersolutionscs.de/wp-content/uploads/2026/06/beatbot-aquasense-2-poolroboter-unterseite-walzenbuersten-hinten.jpg
woocommerce,https://containersolutionscs.de,2443,10-fuss-lagercontainer-mit-schwerlastregalen-strompaket,https://containersolutionscs.de/produkt/10-fuss-lagercontainer-mit-schwerlastregalen-strompaket/,10 Fuß Lagercontainer mit Schwerlastregalen + Strompaket,,Lagercontainer,,2443,10 Fuß Lagercontainer mit Schwerlastregalen + Strompaket,CL3ST2624,2500.00,2500.00,EUR,,True,https://containersolutionscs.de/wp-content/uploads/2026/06/4565753664.png
woocommerce,https://containersolutionscs.de,2428,2428,https://containersolutionscs.de/produkt/2428/,"15FT Lagercontainer 3,20m Breite – Isoliert",,Lagercontainer,,2428,"15FT Lagercontainer 3,20m Breite – Isoliert",CL3ST2623,6500.00,6500.00,EUR,,True,https://containersolutionscs.de/wp-content/uploads/2026/06/4136037836-1.png
woocommerce,https://containersolutionscs.de,2424,15ft-lagercontainer-mit-schiebetueren,https://containersolutionscs.de/produkt/15ft-lagercontainer-mit-schiebetueren/,15FT Lagercontainer mit Schiebetüren,,Lagercontainer,,2424,15FT Lagercontainer mit Schiebetüren,CL3ST2622,4950.00,4950.00,EUR,,True,https://containersolutionscs.de/wp-content/uploads/2026/06/4932215756.png
woocommerce,https://containersolutionscs.de,2418,12-fuss-lagercontainer-mit-gabeltaschen-neu,https://containersolutionscs.de/produkt/12-fuss-lagercontainer-mit-gabeltaschen-neu/,12 Fuß Lagercontainer mit Gabeltaschen – Neu,,Lagercontainer,,2418,12 Fuß Lagercontainer mit Gabeltaschen – Neu,CL3ST2621,1550.00,1550.00,EUR,,True,https://containersolutionscs.de/wp-content/uploads/2026/06/Porte-a-enroulement-du-container-12-pieds-ouverte-pour-un-acces-facile.webp
woocommerce,https://containersolutionscs.de,2396,neuer-10-fuss-lagercontainer,https://containersolutionscs.de/produkt/neuer-10-fuss-lagercontainer/,Neuer 10-Fuß-Lagercontainer,,Lagercontainer,,2396,Neuer 10-Fuß-Lagercontainer,CL3ST2620,750.00,750.00,EUR,,True,https://containersolutionscs.de/wp-content/uploads/2026/06/5d7445ed86.webp
woocommerce,https://containersolutionscs.de,2385,lagercontainer-3x2-m-doppeltuer-lange-seite-anthrazit-ral-7016,https://containersolutionscs.de/produkt/lagercontainer-3x2-m-doppeltuer-lange-seite-anthrazit-ral-7016/,Lagercontainer 3×2 m – Doppeltür lange Seite – Anthrazit RAL 7016,,Lagercontainer,,2385,Lagercontainer 3×2 m – Doppeltür lange Seite – Anthrazit RAL 7016,CL3ST2619,1800.00,1800.00,EUR,,True,https://containersolutionscs.de/wp-content/uploads/2026/06/productfoto-met-achtergronda1-Edit.webp
woocommerce,https://containersolutionscs.de,2377,3m-lagercontainer-mit-antikondensat-und-doppeltuer,https://containersolutionscs.de/produkt/3m-lagercontainer-mit-antikondensat-und-doppeltuer/,3m Lagercontainer mit Antikondensat und Doppeltür,,Lagercontainer,,2377,3m Lagercontainer mit Antikondensat und Doppeltür,CL3ST2618,1850.00,1850.00,EUR,,True,https://containersolutionscs.de/wp-content/uploads/2026/06/3m_lagercontainer_antikondensat_doppeltuer_premium_1280x1280.jpg
woocommerce,https://containersolutionscs.de,2366,20-fuss-containerpool-anthrazitgrau-mit-jet-swim-funktion,https://containersolutionscs.de/produkt/20-fuss-containerpool-anthrazitgrau-mit-jet-swim-funktion/,"20-Fuß-Containerpool, anthrazitgrau, mit Jet-Swim-Funktion",,Containerpool,,2366,"20-Fuß-Containerpool, anthrazitgrau, mit Jet-Swim-Funktion",CL3ST2617,5399.00,5399.00,EUR,,True,https://containersolutionscs.de/wp-content/uploads/2026/06/rn-image_picker_lib_temp_ea67d160-5c75-40cd-8dd6-d1b67a8a1ef7.webp
woocommerce,https://containersolutionscs.de,2351,industrieller-pool-container-6-meter-schwarz-neu,https://containersolutionscs.de/produkt/industrieller-pool-container-6-meter-schwarz-neu/,"Industrieller Pool-Container, 6 Meter, Schwarz – Neu",,Containerpool,,2351,"Industrieller Pool-Container, 6 Meter, Schwarz – Neu",CL3ST2616,6700.00,6700.00,EUR,,True,https://containersolutionscs.de/wp-content/uploads/2026/06/rn-image_picker_lib_temp_8465174a-d80f-492d-a44f-d013ba97a07c-1.jpg
woocommerce,https://containersolutionscs.de,2342,pool-container-20-fuss-plug-play-komplettset,https://containersolutionscs.de/produkt/pool-container-20-fuss-plug-play-komplettset/,Pool-Container 20 Fuß – Plug & Play Komplettset,,Containerpool,,2342,Pool-Container 20 Fuß – Plug & Play Komplettset,CL3ST2615,5500.00,5500.00,EUR,,True,https://containersolutionscs.de/wp-content/uploads/2026/06/IMG-20250520-WA0272.webp
woocommerce,https://containersolutionscs.de,2333,container-spa-pool-30-x-30-m-whirlpool-komfortpaket,https://containersolutionscs.de/produkt/container-spa-pool-30-x-30-m-whirlpool-komfortpaket/,"Container-Spa-Pool 3,0 × 3,0 m, Whirlpool, Komfortpaket",,Containerpool,,2333,"Container-Spa-Pool 3,0 × 3,0 m, Whirlpool, Komfortpaket",CL3ST2614,3799.00,3799.00,EUR,,True,https://containersolutionscs.de/wp-content/uploads/2026/06/3c2830_a33c941f9b8d43e2b401e624e1519cb1mv2-1-1.webp
woocommerce,https://containersolutionscs.de,2321,pool-expert-edelstahlschwimmbecken-3x6x134-m,https://containersolutionscs.de/produkt/pool-expert-edelstahlschwimmbecken-3x6x134-m/,"Pool Expert Edelstahlschwimmbecken 3×6×1,34 m",,Containerpool,,2321,"Pool Expert Edelstahlschwimmbecken 3×6×1,34 m",CL3ST2613,8500.00,8500.00,EUR,,True,https://containersolutionscs.de/wp-content/uploads/2026/06/02223023222656232652626262JPG-1-600x400-1.webp
woocommerce,https://containersolutionscs.de,2310,mini-poolcontainer,https://containersolutionscs.de/produkt/mini-poolcontainer/,Mini-Poolcontainer,,Containerpool,,2310,Mini-Poolcontainer,CL3ST2612,6000.00,6000.00,EUR,,True,https://containersolutionscs.de/wp-content/uploads/2026/06/d7465e8ac6460e957d.webp
woocommerce,https://containersolutionscs.de,2302,containerpool-12-m-mit-strandbereich-aus-exotenholz,https://containersolutionscs.de/produkt/containerpool-12-m-mit-strandbereich-aus-exotenholz/,Containerpool 12 m – Mit Strandbereich aus Exotenholz,,Containerpool,,2302,Containerpool 12 m – Mit Strandbereich aus Exotenholz,CL3ST2611,6950.00,6950.00,EUR,,True,https://containersolutionscs.de/wp-content/uploads/2026/06/container-piscine.-_-shipping-container-pool-vue.webp
woocommerce,https://containersolutionscs.de,2294,poolcontainer-620-x-250-m-comfort-paket,https://containersolutionscs.de/produkt/poolcontainer-620-x-250-m-comfort-paket/,"Poolcontainer 6,20 × 2,50 m – Comfort Paket",,Containerpool,,2294,"Poolcontainer 6,20 × 2,50 m – Comfort Paket",CL3ST2610,7100.00,7100.00,EUR,,True,https://containersolutionscs.de/wp-content/uploads/2026/06/1_ba73685b-1ad8-4d29-a4f7-15556424fb5d-1.webp
woocommerce,https://containersolutionscs.de,2286,premium-containerpool-20-fuss-mit-schiebedach,https://containersolutionscs.de/produkt/premium-containerpool-20-fuss-mit-schiebedach/,Premium-Containerpool 20 Fuß mit Schiebedach,,Containerpool,,2286,Premium-Containerpool 20 Fuß mit Schiebedach,CL3ST269,5500.00,5500.00,EUR,,True,https://containersolutionscs.de/wp-content/uploads/2026/06/1_930eff0d-c177-4452-99b0-996bbc3a6538.jpg
woocommerce,https://containersolutionscs.de,2278,65-m-x-25-m-grosser-polypropylen-pool-mit-4-m-poolfenster-neu,https://containersolutionscs.de/produkt/65-m-x-25-m-grosser-polypropylen-pool-mit-4-m-poolfenster-neu/,"6,5 m × 2,5 m großer Polypropylen-Pool mit 4 m Poolfenster – Neu",,Containerpool,,2278,"6,5 m × 2,5 m großer Polypropylen-Pool mit 4 m Poolfenster – Neu",CL3ST268,4250.00,4250.00,EUR,,True,https://containersolutionscs.de/wp-content/uploads/2026/06/130d33_c7e9d39502924f9581a96332e4e8c0d9mv2-1.jpg
woocommerce,https://containersolutionscs.de,2268,62-m-x-25-m-grosser-containerpool-mit-waermepumpe-premium-paket-neu,https://containersolutionscs.de/produkt/62-m-x-25-m-grosser-containerpool-mit-waermepumpe-premium-paket-neu/,"6,2 m × 2,5 m Großer Containerpool mit Wärmepumpe – Premium-Paket – Neu",,Containerpool,,2268,"6,2 m × 2,5 m Großer Containerpool mit Wärmepumpe – Premium-Paket – Neu",CL3ST267,6500.00,6500.00,EUR,,True,https://containersolutionscs.de/wp-content/uploads/2026/06/130d33_4fae47c211484f18933a5b9a468d5784mv2-1-1.jpg
woocommerce,https://containersolutionscs.de,2260,20-fuss-buerocontainer-classic-line,https://containersolutionscs.de/produkt/20-fuss-buerocontainer-classic-line/,20 Fuß Bürocontainer Classic-Line,,,,2260,20 Fuß Bürocontainer Classic-Line,CL3ST266,3600.00,3600.00,EUR,,True,https://containersolutionscs.de/wp-content/uploads/2026/06/07c851_fa2c458e18f4451391365cb9f2f189eemv2.webp
woocommerce,https://containersolutionscs.de,2248,20-fuss-buerocontainer-mailand-6-x-3-m,https://containersolutionscs.de/produkt/20-fuss-buerocontainer-mailand-6-x-3-m/,20-Fuß-Bürocontainer Mailand (6 × 3 m),,,,2248,20-Fuß-Bürocontainer Mailand (6 × 3 m),CL3ST265,4500.00,4500.00,EUR,,True,https://containersolutionscs.de/wp-content/uploads/2026/06/1-73.webp
woocommerce,https://containersolutionscs.de,2237,20-fuss-buerocontainer,https://containersolutionscs.de/produkt/20-fuss-buerocontainer/,20 Fuß Bürocontainer,,,,2237,20 Fuß Bürocontainer,CL3ST264,2999.00,2999.00,EUR,,True,https://containersolutionscs.de/wp-content/uploads/2026/06/dab923_ec55d237e74846549724c1acde9e7a12mv2-1-2.webp
woocommerce,https://containersolutionscs.de,2219,buerocontainer-berlin-4x3-meter-neu,https://containersolutionscs.de/produkt/buerocontainer-berlin-4x3-meter-neu/,Bürocontainer „Berlin“ 4×3 Meter – Neu,,,,2219,Bürocontainer „Berlin“ 4×3 Meter – Neu,CL3ST263,3500.00,3500.00,EUR,,True,https://containersolutionscs.de/wp-content/uploads/2026/06/52aa76_a8b56f7987d24c339899.webp
woocommerce,https://containersolutionscs.de,2198,neuer-10-fuss-buerocontainer,https://containersolutionscs.de/produkt/neuer-10-fuss-buerocontainer/,Neuer 10-Fuß-Bürocontainer,,,,2198,Neuer 10-Fuß-Bürocontainer,LC3ST262,2499.00,2499.00,EUR,,True,https://containersolutionscs.de/wp-content/uploads/2026/06/A-600x600-1.webp
woocommerce,https://containersolutionscs.de,2178,buerocontainer-600-x-240-m,https://containersolutionscs.de/produkt/buerocontainer-600-x-240-m/,"Bürocontainer 6,00 × 2,40 m",,,,2178,"Bürocontainer 6,00 × 2,40 m",CL3ST261,4200.00,4200.00,EUR,,True,https://containersolutionscs.de/wp-content/uploads/2026/06/098_029037402-1963.3-1-1-1.jpg
